{
  "project_info": {
    "project_number": "722155774998",
    "firebase_url": "https://bethereformenew.firebaseio.com",
    "project_id": "bethereformenew",
    "storage_bucket": "bethereformenew.appspot.com"
  },
  "client": [
    {
      "client_info": {
        "mobilesdk_app_id": "1:722155774998:android:a71fddac17cfd0a5",
        "android_client_info": {
          "package_name": "com.example.a12201027.bethereforme"
        }
      },
      "oauth_client": [
        {
          "client_id": "722155774998-et6d072v84j168mrrl199fdlgdpk235i.apps.googleusercontent.com",
          "client_type": 3
        }
      ],
      "api_key": [
        {
          "current_key": "AIzaSyCdVFySHRqQSgC1RzU3iChf--kx-rRVFfY"
        }
      ],
      "services": {
        "analytics_service": {
          "status": 1
        },
        "appinvite_service": {
          "status": 1,
          "other_platform_oauth_client": []
        },
        "ads_service": {
          "status": 2
        }
      }
    }
  ],
  "configuration_version": "1"
}